related_platform-artportalen,ArtPortalen
related_platform-arxiv,arXiv
related_platform-ala,Atlas of Living Australia
related_platform-avp,AV-Portal
related_platform-aws,AWS
related_platform-bluecloud,Blue-Cloud
related_platform-cdl,California Digital Library
related_platform-ccdc,CCDC
related_platform-cessda,CESSDA
related_platform-collabwith,COLLABWITH
related_platform-cccs,Copernicus Climate Change Service
related_platform-crossref,Crossref
related_platform-dariahteach,dariahTeach
related_platform-dice,Data Infrastructure Capacity for EOSC (DICE)
related_platform-datacite,DataCite
related_platform-ds,Digital Science
related_platform-doab,DOAB
related_platform-einfracz,e-INFRA CZ
related_platform-eirgspp,e-IRGSP projects
related_platform-edugain,eduGAIN
related_platform-eduteams,eduTEAMS
related_platform-egi,EGI
related_platform-egifc,EGI Federated Cloud
related_platform-egiace,EGI-ACE
related_platform-elixir,ELIXIR
related_platform-emodnetc,EMODnet Chemistry
related_platform-eol,Encyclopedia of Life
related_platform-enc,Endemia New Caledonia
related_platform-envri,ENVRI Hub
related_platform-eoscl,EOSC-Life
related_platform-eoscn,EOSC-Nordic
related_platform-eoscp,EOSC-Pillar
related_platform-eudatcdi,EUDAT CDI
related_platform-elg,European Language Grid
related_platform-evs,European Values Study (EVS)
related_platform-garrcp,GARR Container Platform
related_platform-gatep,GATE platform
related_platform-gbif,GBIF
related_platform-geonames,GeoNames
related_platform-grin,Germplasm Resources Information Network (GRIN)
related_platform-geoss,Global Earth Observation system of Systems (GEOSS)
related_platform-hal,HAL
related_platform-hamelin,Hamelin
related_platform-infnc,INFN-Cloud
related_platform-ispot,iSpot
related_platform-jisc,JISC
related_platform-metacentrum,MetaCentrum
related_platform-natusfera,Natusfera
related_platform-openairee,OpenAIRE EXPLORE
related_platform-openairem,OpenAIRE MONITOR
related_platform-openairerg,OpenAIRE research graph
related_platform-oc,OpenCitations
related_platform-pogo,Partnership for Observation of the Global Oceans (POGO)
related_platform-pnp,Pl@ntNet platform
related_platform-pc,PolicyCloud
related_platform-rjb,Real Jardín Botánico
related_platform-scopus,Scopus
related_platform-seadatanet,SeaDataNet
related_platform-tsd,Service for Sensitive Data (TSD)
related_platform-sshom,SSH Open Marketplace
related_platform-surf,SURF
related_platform-share,Survey of Health, Ageing and Retirement in Europe (SHARE)
related_platform-tf,Taylor&Francis
related_platform-tb,Tela Botanica
related_platform-tdp,The Dataverse Project
related_platform-tnomadl,The NOMAD Laboratory
related_platform-tpg,The Plant Game
related_platform-tibp,TIB Portal
related_platform-tripleh,TRIPLE H2020 project
related_platform-tubitakcc,TÜBITAK cloud compute
related_platform-vlab,Virtual Earth Laboratory (VLab)
related_platform-zbwice,ZBW Information Centre for Economics
related_platform-zenodo,Zenodo